artist_name,artist_id,genre
Julia Holter,0bsV0sUjnCuCTYOnNHQl3E,art pop
Julia Holter,0bsV0sUjnCuCTYOnNHQl3E,chamber psych
Julia Holter,0bsV0sUjnCuCTYOnNHQl3E,collage pop
Julia Holter,0bsV0sUjnCuCTYOnNHQl3E,dream pop
Julia Holter,0bsV0sUjnCuCTYOnNHQl3E,electra
Julia Holter,0bsV0sUjnCuCTYOnNHQl3E,experimental pop
Julia Holter,0bsV0sUjnCuCTYOnNHQl3E,la indie
Julia Holter,0bsV0sUjnCuCTYOnNHQl3E,spectra
Cassandra Jenkins,1WVGbBnzZ5WLZ2PfesIHik,indie folk
Kate Bollinger,4eArh1v6UwBbKkjdgHCned,charlottesville indie
Kate Bollinger,4eArh1v6UwBbKkjdgHCned,indie pop
Kate Bollinger,4eArh1v6UwBbKkjdgHCned,indie r&b
Alex Lahey,5kdYrM3h2sB1Eid5tDf6Hk,australian indie
Alex Lahey,5kdYrM3h2sB1Eid5tDf6Hk,australian pop
Alex Lahey,5kdYrM3h2sB1Eid5tDf6Hk,melbourne indie
Black Belt Eagle Scout,1CUUXdvZE6UzwQyBUm5YVD,bubblegrunge
Black Belt Eagle Scout,1CUUXdvZE6UzwQyBUm5YVD,indie pop
Black Belt Eagle Scout,1CUUXdvZE6UzwQyBUm5YVD,portland indie
Sody,01y8iBZYk8aeNfPsuTVrAt,alt z
Sody,01y8iBZYk8aeNfPsuTVrAt,uk pop
Hazel English,1nEGjL7aMVdNQzsfQPKdGr,dreamo
Hazel English,1nEGjL7aMVdNQzsfQPKdGr,indie pop
Hazel English,1nEGjL7aMVdNQzsfQPKdGr,indie rock
Hazel English,1nEGjL7aMVdNQzsfQPKdGr,oakland indie
beabadoobee,35l9BRT7MXmM8bv2WDQiyB,bedroom pop
beabadoobee,35l9BRT7MXmM8bv2WDQiyB,bubblegrunge
beabadoobee,35l9BRT7MXmM8bv2WDQiyB,indie pop
beabadoobee,35l9BRT7MXmM8bv2WDQiyB,pop
Alice Phoebe Lou,03uMw43UVu9MsQCcHVSGjX,indie pop
Alice Phoebe Lou,03uMw43UVu9MsQCcHVSGjX,south african alternative
Indigo De Souza,3ir2pF2mkiEWqyPenKTh5e,art pop
Indigo De Souza,3ir2pF2mkiEWqyPenKTh5e,asheville indie
Indigo De Souza,3ir2pF2mkiEWqyPenKTh5e,bubblegrunge
Indigo De Souza,3ir2pF2mkiEWqyPenKTh5e,indie pop
Indigo De Souza,3ir2pF2mkiEWqyPenKTh5e,indie rock
Ada Lea,3sE8O47mEFWR6pL0rwnAHy,indie folk
Ada Lea,3sE8O47mEFWR6pL0rwnAHy,montreal indie
Kississippi,6t0a2t1BXxTQvAkxReClPm,bubblegrunge
Kississippi,6t0a2t1BXxTQvAkxReClPm,diy emo
Kississippi,6t0a2t1BXxTQvAkxReClPm,indie pop
Kississippi,6t0a2t1BXxTQvAkxReClPm,philly indie
Kississippi,6t0a2t1BXxTQvAkxReClPm,small room
MUNA,6xdRb2GypJ7DqnWAI2mHGn,electropop
MUNA,6xdRb2GypJ7DqnWAI2mHGn,indie pop
MUNA,6xdRb2GypJ7DqnWAI2mHGn,indie poptimism
MUNA,6xdRb2GypJ7DqnWAI2mHGn,la pop
MUNA,6xdRb2GypJ7DqnWAI2mHGn,metropopolis
MUNA,6xdRb2GypJ7DqnWAI2mHGn,pop
Esmé Patterson,1PoFNQQDFXvOYm6Dx8coAa,new americana
P.S. Eliot,5OPhZptrztOU4W75eMEPiX,alabama indie
P.S. Eliot,5OPhZptrztOU4W75eMEPiX,bubblegrunge
P.S. Eliot,5OPhZptrztOU4W75eMEPiX,folk punk
P.S. Eliot,5OPhZptrztOU4W75eMEPiX,indie punk
P.S. Eliot,5OPhZptrztOU4W75eMEPiX,small room
Reneé Rapp,2hUYKu1x0UZQXvzCmggvSn,alt z
Reneé Rapp,2hUYKu1x0UZQXvzCmggvSn,indie pop
Reneé Rapp,2hUYKu1x0UZQXvzCmggvSn,pop
Beach Bunny,2vnB6tuQMaQpORiRdvXF9H,bubblegrunge
Beach Bunny,2vnB6tuQMaQpORiRdvXF9H,chicago indie
Beach Bunny,2vnB6tuQMaQpORiRdvXF9H,indie pop
Beach Bunny,2vnB6tuQMaQpORiRdvXF9H,indie rock
Doechii,4E2rKHVDssGJm2SCDOMMJB,alternative r&b
Doechii,4E2rKHVDssGJm2SCDOMMJB,escape room
Doechii,4E2rKHVDssGJm2SCDOMMJB,pop
Doechii,4E2rKHVDssGJm2SCDOMMJB,r&b
Doechii,4E2rKHVDssGJm2SCDOMMJB,rap
Doechii,4E2rKHVDssGJm2SCDOMMJB,viral rap
Samia,1Uk1GyijF6fSfX4mWq5bfR,art pop
Samia,1Uk1GyijF6fSfX4mWq5bfR,indie pop
Grace Gaustad,1F2JeQG9fLoC6flF1QTnxS,alt z
JGrrey,66rDbD3tWR3M1uNuIaDAGx,alternative r&b
JGrrey,66rDbD3tWR3M1uNuIaDAGx,indie r&b
JGrrey,66rDbD3tWR3M1uNuIaDAGx,indie soul
JGrrey,66rDbD3tWR3M1uNuIaDAGx,uk contemporary r&b
fanclubwallet,1NJUWqbiNAk1BPOyQhb2qe,indie pop
Daisy the Great,0SrIPejckovMwhrN3MZFPB,brooklyn indie
Daisy the Great,0SrIPejckovMwhrN3MZFPB,indie pop
Lala Lala,492I2sQFcHDcsZECYX25dE,bubblegrunge
Lala Lala,492I2sQFcHDcsZECYX25dE,indie pop
Lala Lala,492I2sQFcHDcsZECYX25dE,indie punk
Lala Lala,492I2sQFcHDcsZECYX25dE,indie rock
Dreamer Isioma,6u6AbTVrbabv27DLcSrF8i,alternative r&b
Dreamer Isioma,6u6AbTVrbabv27DLcSrF8i,chill r&b
Dreamer Isioma,6u6AbTVrbabv27DLcSrF8i,indie r&b
Dreamer Isioma,6u6AbTVrbabv27DLcSrF8i,modern indie pop
St. Vincent,7bcbShaqKdcyjnmv4Ix8j6,art pop
St. Vincent,7bcbShaqKdcyjnmv4Ix8j6,chamber psych
St. Vincent,7bcbShaqKdcyjnmv4Ix8j6,electropop
St. Vincent,7bcbShaqKdcyjnmv4Ix8j6,etherpop
St. Vincent,7bcbShaqKdcyjnmv4Ix8j6,indie pop
St. Vincent,7bcbShaqKdcyjnmv4Ix8j6,indie rock
St. Vincent,7bcbShaqKdcyjnmv4Ix8j6,metropopolis
Discovery Zone,4Q3A7ukbHFR5xThu9hZDZt,experimental indie
"Whatever, Dad",1wMNhhG8VUhDGZ249MZBtn,indie garage rock
"Whatever, Dad",1wMNhhG8VUhDGZ249MZBtn,indie pop
"Whatever, Dad",1wMNhhG8VUhDGZ249MZBtn,lo-fi indie
"Whatever, Dad",1wMNhhG8VUhDGZ249MZBtn,small room
Bully,34LdbFt5sVXKTJOzf1iExQ,bubblegrunge
Bully,34LdbFt5sVXKTJOzf1iExQ,indie punk
Bully,34LdbFt5sVXKTJOzf1iExQ,indie rock
Caroline Spence,4De2r7QdHl1eZwnEnQ1IzE,deep new americana
Caroline Spence,4De2r7QdHl1eZwnEnQ1IzE,indie folk
Caroline Spence,4De2r7QdHl1eZwnEnQ1IzE,nashville singer-songwriter
Caroline Spence,4De2r7QdHl1eZwnEnQ1IzE,new americana
Haley Heynderickx,73MDShZzdL4vUGMkmXOG6X,indie pop
Haley Heynderickx,73MDShZzdL4vUGMkmXOG6X,portland indie
Haley Heynderickx,73MDShZzdL4vUGMkmXOG6X,small room
Cleo Sol,3ETLPQkcEd7z4k3IbZmXMq,alternative r&b
Cleo Sol,3ETLPQkcEd7z4k3IbZmXMq,indie r&b
Cleo Sol,3ETLPQkcEd7z4k3IbZmXMq,indie soul
Cleo Sol,3ETLPQkcEd7z4k3IbZmXMq,neo soul
Cleo Sol,3ETLPQkcEd7z4k3IbZmXMq,uk contemporary r&b
Cleo Sol,3ETLPQkcEd7z4k3IbZmXMq,uk funky
Zeph,502gYHkFCtLzBIcU4ctPLd,gen z singer-songwriter
Zeph,502gYHkFCtLzBIcU4ctPLd,indie pop
WILLOW,3rWZHrfrsPBxVy692yAIxF,afrofuturism
WILLOW,3rWZHrfrsPBxVy692yAIxF,pop
WILLOW,3rWZHrfrsPBxVy692yAIxF,post-teen pop
ML Buch,3NsSv8HchEwfa7bGkjb4ZC,art pop
ML Buch,3NsSv8HchEwfa7bGkjb4ZC,danish indie pop
ML Buch,3NsSv8HchEwfa7bGkjb4ZC,deconstructed club
ML Buch,3NsSv8HchEwfa7bGkjb4ZC,escape room
Squirrel Flower,7bI1v9NGBBhq8iGfytctni,boston indie
Squirrel Flower,7bI1v9NGBBhq8iGfytctni,bubblegrunge
Squirrel Flower,7bI1v9NGBBhq8iGfytctni,indie pop
Gloria Laing,3aO4DL5c2uBGD8EUuP7sxi,gen z singer-songwriter
Lennon Stella,1cZQSpDsxgKIX2yW5OR9Ot,alt z
Lennon Stella,1cZQSpDsxgKIX2yW5OR9Ot,canadian pop
Lennon Stella,1cZQSpDsxgKIX2yW5OR9Ot,electropop
Lennon Stella,1cZQSpDsxgKIX2yW5OR9Ot,pop
Lennon Stella,1cZQSpDsxgKIX2yW5OR9Ot,post-teen pop
Hannah Cohen,7ovXNdlB2DNSC16TbKgros,nyc pop
Phoebe Bridgers,1r1uxoy19fzMxunt3ONAkG,indie pop
Phoebe Bridgers,1r1uxoy19fzMxunt3ONAkG,la indie
Hana Vu,3diDUq8QMCCtx8a4Jy42aO,bedroom pop
Hana Vu,3diDUq8QMCCtx8a4Jy42aO,indie pop
Katie Gregson-MacLeod,2xCYQunn7ZXK6qOwXWPvcF,indie pop
UMI,4ClziihVpBeFXNyDH83Lde,alternative r&b
UMI,4ClziihVpBeFXNyDH83Lde,bedroom soul
UMI,4ClziihVpBeFXNyDH83Lde,chill r&b
UMI,4ClziihVpBeFXNyDH83Lde,indie r&b
UMI,4ClziihVpBeFXNyDH83Lde,pop
UMI,4ClziihVpBeFXNyDH83Lde,r&b
Margaret Glaspy,13YVfXddjRIUrubItJjadb,indie pop
Ethel Cain,0avMDS4HyoCEP6RqZJWpY2,art pop
Ethel Cain,0avMDS4HyoCEP6RqZJWpY2,indie pop
Ethel Cain,0avMDS4HyoCEP6RqZJWpY2,modern dream pop
Ethel Cain,0avMDS4HyoCEP6RqZJWpY2,pop
Natalie Prass,0EmUT6i9rTu9ZHy1Tl1iuX,rva indie
Arlo Parks,4kIwETcbpuFgRukE8o7Opx,alternative r&b
Arlo Parks,4kIwETcbpuFgRukE8o7Opx,indie pop
Arlo Parks,4kIwETcbpuFgRukE8o7Opx,indie soul
Arlo Parks,4kIwETcbpuFgRukE8o7Opx,uk contemporary r&b
Olive Klug,3SEtmo8E5DJVuGddKYqeiU,gen z singer-songwriter
FKA twigs,6nB0iY1cjSY1KyhYyuIIKH,afrofuturism
FKA twigs,6nB0iY1cjSY1KyhYyuIIKH,alternative r&b
FKA twigs,6nB0iY1cjSY1KyhYyuIIKH,art pop
FKA twigs,6nB0iY1cjSY1KyhYyuIIKH,escape room
FKA twigs,6nB0iY1cjSY1KyhYyuIIKH,experimental r&b
FKA twigs,6nB0iY1cjSY1KyhYyuIIKH,pop
FKA twigs,6nB0iY1cjSY1KyhYyuIIKH,trip hop
Coco & Clair Clair,5FkMS3KgG0cjiRm250NFTJ,art pop
Lady Lamb,2wunbYU5KWrpI7RCRBkwF0,indie pop
Lady Lamb,2wunbYU5KWrpI7RCRBkwF0,indie singer-songwriter
Lady Lamb,2wunbYU5KWrpI7RCRBkwF0,maine indie
Kelsey Lu,0fEfMW5bypHZ0A8eLnhwj5,alternative r&b
Kelsey Lu,0fEfMW5bypHZ0A8eLnhwj5,art pop
Kelsey Lu,0fEfMW5bypHZ0A8eLnhwj5,escape room
Kelsey Lu,0fEfMW5bypHZ0A8eLnhwj5,experimental r&b
dodie,21TinSsF5ytwsfdyz5VSVS,alt z
dodie,21TinSsF5ytwsfdyz5VSVS,indie pop
dodie,21TinSsF5ytwsfdyz5VSVS,pop
Joy Williams,4TCXgdDPm10ensLNCVnIYa,acoustic pop
Joy Williams,4TCXgdDPm10ensLNCVnIYa,christian indie
Joy Williams,4TCXgdDPm10ensLNCVnIYa,indie folk
Joy Williams,4TCXgdDPm10ensLNCVnIYa,indiecoustica
Joy Williams,4TCXgdDPm10ensLNCVnIYa,nashville americana
Joy Williams,4TCXgdDPm10ensLNCVnIYa,nashville singer-songwriter
Joy Williams,4TCXgdDPm10ensLNCVnIYa,neo mellow
Joy Williams,4TCXgdDPm10ensLNCVnIYa,new americana
Chappell Roan,7GlBOeep6PqTfFi59PTUUN,alt z
Chappell Roan,7GlBOeep6PqTfFi59PTUUN,indie pop
Chappell Roan,7GlBOeep6PqTfFi59PTUUN,pop
Chappell Roan,7GlBOeep6PqTfFi59PTUUN,springfield mo indie
Tia Gostelow,4blt4zG5qMjWCPymNjDNP5,australian indie
Tia Gostelow,4blt4zG5qMjWCPymNjDNP5,australian pop
Tia Gostelow,4blt4zG5qMjWCPymNjDNP5,brisbane indie
Aoife O'Donovan,1f3ubTd6eyxuy30ddDJQQa,boston folk
Aoife O'Donovan,1f3ubTd6eyxuy30ddDJQQa,deep new americana
Aoife O'Donovan,1f3ubTd6eyxuy30ddDJQQa,folk
Aoife O'Donovan,1f3ubTd6eyxuy30ddDJQQa,indie folk
Aoife O'Donovan,1f3ubTd6eyxuy30ddDJQQa,new americana
Aoife O'Donovan,1f3ubTd6eyxuy30ddDJQQa,progressive bluegrass
Aoife O'Donovan,1f3ubTd6eyxuy30ddDJQQa,stomp and holler
Clairo,3l0CmX0FuQjFxr8SK7Vqag,bedroom pop
Clairo,3l0CmX0FuQjFxr8SK7Vqag,indie pop
Clairo,3l0CmX0FuQjFxr8SK7Vqag,pop
Aldous Harding,3lmR0qMiGuoIF9UC54egcG,ambient folk
Aldous Harding,3lmR0qMiGuoIF9UC54egcG,art pop
Aldous Harding,3lmR0qMiGuoIF9UC54egcG,chamber pop
Aldous Harding,3lmR0qMiGuoIF9UC54egcG,chamber psych
Aldous Harding,3lmR0qMiGuoIF9UC54egcG,dunedin indie
Aldous Harding,3lmR0qMiGuoIF9UC54egcG,indie folk
Aldous Harding,3lmR0qMiGuoIF9UC54egcG,nz folk
Aldous Harding,3lmR0qMiGuoIF9UC54egcG,nz pop
Aldous Harding,3lmR0qMiGuoIF9UC54egcG,nz singer-songwriter
Ashe,6P5NO5hzJbuOqSdyPB7SJM,alt z
Ashe,6P5NO5hzJbuOqSdyPB7SJM,electropop
Ashe,6P5NO5hzJbuOqSdyPB7SJM,pop
Cate Le Bon,0LZac5VicY19QLaIUvIB0G,alternative rock
Cate Le Bon,0LZac5VicY19QLaIUvIB0G,art pop
Cate Le Bon,0LZac5VicY19QLaIUvIB0G,art rock
Cate Le Bon,0LZac5VicY19QLaIUvIB0G,chamber pop
Cate Le Bon,0LZac5VicY19QLaIUvIB0G,chamber psych
Cate Le Bon,0LZac5VicY19QLaIUvIB0G,dream pop
Cate Le Bon,0LZac5VicY19QLaIUvIB0G,garage psych
Cate Le Bon,0LZac5VicY19QLaIUvIB0G,indie folk
Cate Le Bon,0LZac5VicY19QLaIUvIB0G,indie rock
Cate Le Bon,0LZac5VicY19QLaIUvIB0G,welsh indie
Bree Runway,58hqTaCiqGrMsNmmm3qL7w,alternative r&b
Bree Runway,58hqTaCiqGrMsNmmm3qL7w,dance pop
Bree Runway,58hqTaCiqGrMsNmmm3qL7w,electropop
Bree Runway,58hqTaCiqGrMsNmmm3qL7w,escape room
Bree Runway,58hqTaCiqGrMsNmmm3qL7w,pop
Bree Runway,58hqTaCiqGrMsNmmm3qL7w,post-teen pop
Bree Runway,58hqTaCiqGrMsNmmm3qL7w,r&b
Charlotte Cornfield,59aqTTQGnvttJ4BCThaABZ,canadian indie
Charlotte Cornfield,59aqTTQGnvttJ4BCThaABZ,canadian singer-songwriter
Charlotte Cornfield,59aqTTQGnvttJ4BCThaABZ,toronto indie
Genevieve Stokes,2uaMjmR0IE0K3oKTQrNZVQ,indie pop
Genevieve Stokes,2uaMjmR0IE0K3oKTQrNZVQ,modern alternative pop
JESSIA,6DdbeAeBlrYj8bNToZv4TY,alt z
JESSIA,6DdbeAeBlrYj8bNToZv4TY,social media pop
NERIAH,1dUrqVHcv2FCXxlIqzIbiG,alt z
NERIAH,1dUrqVHcv2FCXxlIqzIbiG,pop
NERIAH,1dUrqVHcv2FCXxlIqzIbiG,social media pop
Fenne Lily,7iPH2BRBF9wKa6ljxvdext,bristol indie
Fenne Lily,7iPH2BRBF9wKa6ljxvdext,british singer-songwriter
Fenne Lily,7iPH2BRBF9wKa6ljxvdext,indie folk
Fenne Lily,7iPH2BRBF9wKa6ljxvdext,indie pop
Ruby Fields,1nwPEi1UZdJtCxBqATpsq3,australian garage punk
Ruby Fields,1nwPEi1UZdJtCxBqATpsq3,australian indie
Ruby Fields,1nwPEi1UZdJtCxBqATpsq3,australian pop
Maggie Rogers,4NZvixzsSefsNiIqXn0NDe,indie pop
Maggie Rogers,4NZvixzsSefsNiIqXn0NDe,pop
Solange,2auiVi8sUZo17dLy1HwrTU,afrofuturism
Solange,2auiVi8sUZo17dLy1HwrTU,alternative r&b
Solange,2auiVi8sUZo17dLy1HwrTU,dance pop
Solange,2auiVi8sUZo17dLy1HwrTU,escape room
Solange,2auiVi8sUZo17dLy1HwrTU,hip pop
Solange,2auiVi8sUZo17dLy1HwrTU,indie soul
Solange,2auiVi8sUZo17dLy1HwrTU,neo soul
Solange,2auiVi8sUZo17dLy1HwrTU,r&b
Solange,2auiVi8sUZo17dLy1HwrTU,urban contemporary
Sudan Archives,2MPHBxznH1fj59jbOWY38u,afrofuturism
Sudan Archives,2MPHBxznH1fj59jbOWY38u,alternative r&b
Sudan Archives,2MPHBxznH1fj59jbOWY38u,art pop
Sudan Archives,2MPHBxznH1fj59jbOWY38u,escape room
Sudan Archives,2MPHBxznH1fj59jbOWY38u,experimental r&b
Sudan Archives,2MPHBxznH1fj59jbOWY38u,indie soul
Sudan Archives,2MPHBxznH1fj59jbOWY38u,la pop
Sophie Cates,4xjJOu0MWVWuaDVZOy0Dx2,alt z
Sophie Cates,4xjJOu0MWVWuaDVZOy0Dx2,bedroom pop
Sophie Cates,4xjJOu0MWVWuaDVZOy0Dx2,indie pop
Helena Deland,0BJeP79i5wKgCqsEEiQ7G0,art pop
Helena Deland,0BJeP79i5wKgCqsEEiQ7G0,indie folk
Helena Deland,0BJeP79i5wKgCqsEEiQ7G0,indie quebecois
Maddie Zahm,5dtPlx7yKOo7KdZGyrfFIq,alt z
Maddie Zahm,5dtPlx7yKOo7KdZGyrfFIq,pop
Chloe x Halle,0AsThoR4KZSVktALiNcQwW,alternative r&b
Chloe x Halle,0AsThoR4KZSVktALiNcQwW,dance pop
Chloe x Halle,0AsThoR4KZSVktALiNcQwW,neo soul
Chloe x Halle,0AsThoR4KZSVktALiNcQwW,pop
Chloe x Halle,0AsThoR4KZSVktALiNcQwW,post-teen pop
Chloe x Halle,0AsThoR4KZSVktALiNcQwW,r&b
Chloe x Halle,0AsThoR4KZSVktALiNcQwW,rap
Waxahatchee,5IWCU0V9evBlW4gIeGY4zF,alabama indie
Waxahatchee,5IWCU0V9evBlW4gIeGY4zF,art pop
Waxahatchee,5IWCU0V9evBlW4gIeGY4zF,bubblegrunge
Waxahatchee,5IWCU0V9evBlW4gIeGY4zF,chamber pop
Waxahatchee,5IWCU0V9evBlW4gIeGY4zF,indie folk
Waxahatchee,5IWCU0V9evBlW4gIeGY4zF,indie pop
Waxahatchee,5IWCU0V9evBlW4gIeGY4zF,indie rock
Waxahatchee,5IWCU0V9evBlW4gIeGY4zF,new americana
Biig Piig,4GoD5FJCgC0lbzde7ly44M,alternative r&b
Biig Piig,4GoD5FJCgC0lbzde7ly44M,indie r&b
Biig Piig,4GoD5FJCgC0lbzde7ly44M,indie soul
Biig Piig,4GoD5FJCgC0lbzde7ly44M,modern alternative pop
Jessica Pratt,5KTykbPcDB4GYS49jcHbWh,ambient folk
Jessica Pratt,5KTykbPcDB4GYS49jcHbWh,art pop
Jessica Pratt,5KTykbPcDB4GYS49jcHbWh,dream pop
Jessica Pratt,5KTykbPcDB4GYS49jcHbWh,freak folk
Jessica Pratt,5KTykbPcDB4GYS49jcHbWh,indie folk
Jessica Pratt,5KTykbPcDB4GYS49jcHbWh,indie pop
BLÜ EYES,2gI1WfmpFmmgSRojy4Jup2,alt z
BLÜ EYES,2gI1WfmpFmmgSRojy4Jup2,gen z singer-songwriter
Freak Slug,5wk7sY8GIg5ihSI09EbWeS,lo-fi indie
Delaney Bailey,3Os4q49SgEN0Tv3fxKw3Sp,gen z singer-songwriter
Delaney Bailey,3Os4q49SgEN0Tv3fxKw3Sp,indie pop
Delaney Bailey,3Os4q49SgEN0Tv3fxKw3Sp,pop
quinnie,4aEuFytRb43SAgjchJDk5e,bedroom pop
quinnie,4aEuFytRb43SAgjchJDk5e,indie pop
Snail Mail,4QkSD9TRUnMtI8Fq1jXJJe,art pop
Snail Mail,4QkSD9TRUnMtI8Fq1jXJJe,baltimore indie
Snail Mail,4QkSD9TRUnMtI8Fq1jXJJe,bubblegrunge
Snail Mail,4QkSD9TRUnMtI8Fq1jXJJe,indie pop
Snail Mail,4QkSD9TRUnMtI8Fq1jXJJe,indie rock
FELIVAND,6QCstr3yhEVSZPQyDvvYjK,australian alternative pop
FELIVAND,6QCstr3yhEVSZPQyDvvYjK,australian r&b
FELIVAND,6QCstr3yhEVSZPQyDvvYjK,indie r&b
Lauren Sanderson,06vRrrjT3DBRkhBlXoBdYj,alt z
Rosie Carney,3Aut8hgiqZSy2qmJluZMU9,indie folk
Rosie Carney,3Aut8hgiqZSy2qmJluZMU9,irish singer-songwriter
Rosie Carney,3Aut8hgiqZSy2qmJluZMU9,new americana
Tanukichan,7d0wUlQ0ZXIGFa0YzuBiR6,art pop
Tanukichan,7d0wUlQ0ZXIGFa0YzuBiR6,bubblegrunge
Tanukichan,7d0wUlQ0ZXIGFa0YzuBiR6,dream pop
Tanukichan,7d0wUlQ0ZXIGFa0YzuBiR6,dreamo
Tanukichan,7d0wUlQ0ZXIGFa0YzuBiR6,indie pop
Tanukichan,7d0wUlQ0ZXIGFa0YzuBiR6,indie rock
Tanukichan,7d0wUlQ0ZXIGFa0YzuBiR6,lo-fi indie
Tanukichan,7d0wUlQ0ZXIGFa0YzuBiR6,nu gaze
Tanukichan,7d0wUlQ0ZXIGFa0YzuBiR6,oakland indie
Tanukichan,7d0wUlQ0ZXIGFa0YzuBiR6,shoegaze
Orion Sun,2efrqekWSHlvhATD50AG3m,alternative r&b
Orion Sun,2efrqekWSHlvhATD50AG3m,bedroom pop
Orion Sun,2efrqekWSHlvhATD50AG3m,chill r&b
Orion Sun,2efrqekWSHlvhATD50AG3m,indie r&b
Orion Sun,2efrqekWSHlvhATD50AG3m,indie soul
Liza Anne,426VSUSxx9puUYFgp7l7EQ,indie folk
Liza Anne,426VSUSxx9puUYFgp7l7EQ,indie pop
Courtney Marie Andrews,1EI0B66miJj5Fl408B7E9H,alternative country
Courtney Marie Andrews,1EI0B66miJj5Fl408B7E9H,deep new americana
Courtney Marie Andrews,1EI0B66miJj5Fl408B7E9H,folk
Courtney Marie Andrews,1EI0B66miJj5Fl408B7E9H,indie folk
Courtney Marie Andrews,1EI0B66miJj5Fl408B7E9H,modern folk rock
Courtney Marie Andrews,1EI0B66miJj5Fl408B7E9H,new americana
Meg Mac,4faUajx9k93O56nlmpkOuz,australian indie
Meg Mac,4faUajx9k93O56nlmpkOuz,australian pop
Nilüfer Yanya,09kXLeOXRyfNQMXRaDO4qA,art pop
Nilüfer Yanya,09kXLeOXRyfNQMXRaDO4qA,indie rock
Nilüfer Yanya,09kXLeOXRyfNQMXRaDO4qA,uk alternative pop
King Princess,6beUvFUlKliUYJdLOXNj9C,alt z
King Princess,6beUvFUlKliUYJdLOXNj9C,art pop
King Princess,6beUvFUlKliUYJdLOXNj9C,electropop
King Princess,6beUvFUlKliUYJdLOXNj9C,indie pop
King Princess,6beUvFUlKliUYJdLOXNj9C,indie poptimism
King Princess,6beUvFUlKliUYJdLOXNj9C,nyc pop
King Princess,6beUvFUlKliUYJdLOXNj9C,pop
Rosie Tucker,21IgTzfAyrn8DJpEY7F4DM,bubblegrunge
Rosie Tucker,21IgTzfAyrn8DJpEY7F4DM,indie pop
Taylor Acorn,1A0WloDoRE88uUwo3wensY,country pop
Tommy Lefroy,3vldh5Ceynytj6Iglw4haP,alt z
Tommy Lefroy,3vldh5Ceynytj6Iglw4haP,indie pop
Tommy Lefroy,3vldh5Ceynytj6Iglw4haP,modern indie folk
Palehound,4AgusFXPk24LCGMMplX34M,boston indie
Palehound,4AgusFXPk24LCGMMplX34M,boston rock
Palehound,4AgusFXPk24LCGMMplX34M,bubblegrunge
Palehound,4AgusFXPk24LCGMMplX34M,indie pop
Palehound,4AgusFXPk24LCGMMplX34M,indie punk
Palehound,4AgusFXPk24LCGMMplX34M,indie rock
Palehound,4AgusFXPk24LCGMMplX34M,new england emo
Lava La Rue,271bbpX3pdCi56ZJA1jQ43,alternative r&b
Lava La Rue,271bbpX3pdCi56ZJA1jQ43,indie r&b
Lava La Rue,271bbpX3pdCi56ZJA1jQ43,indie soul
Lava La Rue,271bbpX3pdCi56ZJA1jQ43,uk contemporary r&b
Molly Parden,5dUUxJQg27XaHdKyLYwNg5,indie folk
Molly Parden,5dUUxJQg27XaHdKyLYwNg5,new americana
Indigo Sparke,3KlPjpVKfm6vESPL46NDCh,indie folk
Jenny Lewis,5cMVRrisBpDkXCVG48epED,indie pop
Avery Lynch,7aO285xSsCbjy0q9zEqXEk,alt z
Avery Lynch,7aO285xSsCbjy0q9zEqXEk,gen z singer-songwriter
Avery Lynch,7aO285xSsCbjy0q9zEqXEk,social media pop
Penelope Scott,3u6lPufHw4Oww6D88rv6sB,alt z
Penelope Scott,3u6lPufHw4Oww6D88rv6sB,indie pop
Penelope Scott,3u6lPufHw4Oww6D88rv6sB,modern indie pop
Penelope Scott,3u6lPufHw4Oww6D88rv6sB,pixel
Penelope Scott,3u6lPufHw4Oww6D88rv6sB,viral rap
Gretta Ray,4xdEmbimxXyo9wXy9lq3ek,australian indie
Gretta Ray,4xdEmbimxXyo9wXy9lq3ek,australian pop
The Wild Reeds,3Q9WLyqkHw04V6DDtvPWwH,deep new americana
The Wild Reeds,3Q9WLyqkHw04V6DDtvPWwH,indie folk
The Wild Reeds,3Q9WLyqkHw04V6DDtvPWwH,indie pop
The Wild Reeds,3Q9WLyqkHw04V6DDtvPWwH,new americana
The Wild Reeds,3Q9WLyqkHw04V6DDtvPWwH,stomp and holler
Lomelda,6zcDLZ62JsbVM1nLrQMzi4,indie folk
Lomelda,6zcDLZ62JsbVM1nLrQMzi4,indie pop
Lomelda,6zcDLZ62JsbVM1nLrQMzi4,indie rock
Lomelda,6zcDLZ62JsbVM1nLrQMzi4,small room
Hand Habits,5poU7FPEYoBlwjzOEWMbX5,art pop
Hand Habits,5poU7FPEYoBlwjzOEWMbX5,bedroom pop
Hand Habits,5poU7FPEYoBlwjzOEWMbX5,garage psych
Hand Habits,5poU7FPEYoBlwjzOEWMbX5,indie folk
Hand Habits,5poU7FPEYoBlwjzOEWMbX5,indie pop
Hand Habits,5poU7FPEYoBlwjzOEWMbX5,indie rock
carobae,2HysMkOtaumKooHYAlE7wd,alt z
Emily James,7FxEy78P0oIVEVxdaL9npy,alt z
Emily James,7FxEy78P0oIVEVxdaL9npy,indiecoustica
Haley Blais,0i4M8k5IcQpiEH6nBMdfPT,indie pop
Haley Blais,0i4M8k5IcQpiEH6nBMdfPT,vancouver indie
Lexi Jayde,69761NObDw2KwmmFgZmxzC,alt z
Lexi Jayde,69761NObDw2KwmmFgZmxzC,social media pop
Madeline Kenney,2mirb9SKAm6IUHtPwreoqN,modern dream pop
Laura Elliott,0YJEuTCD642Yp34CoiH0ox,indie pop
The Aces,2AmfMGi3WZMxqFDHissIAe,alt z
The Aces,2AmfMGi3WZMxqFDHissIAe,electropop
The Aces,2AmfMGi3WZMxqFDHissIAe,indie pop
The Aces,2AmfMGi3WZMxqFDHissIAe,indie poptimism
The Aces,2AmfMGi3WZMxqFDHissIAe,pop
Flower Face,0sYlth2PW1zWJMEU2vCukz,ambient folk
Flower Face,0sYlth2PW1zWJMEU2vCukz,indie pop
Maisie Peters,2RVvqRBon9NgaGXKfywDSs,alt z
Maisie Peters,2RVvqRBon9NgaGXKfywDSs,indie pop
Maisie Peters,2RVvqRBon9NgaGXKfywDSs,pop
Maisie Peters,2RVvqRBon9NgaGXKfywDSs,post-teen pop
Maisie Peters,2RVvqRBon9NgaGXKfywDSs,uk pop
Japanese Breakfast,7MoIc5s9KXolCBH1fy9kkw,art pop
Japanese Breakfast,7MoIc5s9KXolCBH1fy9kkw,eugene indie
Japanese Breakfast,7MoIc5s9KXolCBH1fy9kkw,indie pop
Japanese Breakfast,7MoIc5s9KXolCBH1fy9kkw,philly indie
Caitlin Rose,41LGTx1fpA69G2ZAJKZntM,alternative country
Caitlin Rose,41LGTx1fpA69G2ZAJKZntM,indie folk
Caitlin Rose,41LGTx1fpA69G2ZAJKZntM,nashville indie
Caitlin Rose,41LGTx1fpA69G2ZAJKZntM,new americana
Devon Again,3xz28DkZR6bmPpVh6Rq13t,indie pop
Ana Roxanne,2fSBHYgZUSIQPolv5skG5I,art pop
Ana Roxanne,2fSBHYgZUSIQPolv5skG5I,experimental electronic
Ana Roxanne,2fSBHYgZUSIQPolv5skG5I,fourth world
Ana Roxanne,2fSBHYgZUSIQPolv5skG5I,spectra
Grace Ives,4TZieE5978SbTInJswaay2,alternative r&b
Grace Ives,4TZieE5978SbTInJswaay2,art pop
Grace Ives,4TZieE5978SbTInJswaay2,escape room
Grace Ives,4TZieE5978SbTInJswaay2,experimental indie
Grace Ives,4TZieE5978SbTInJswaay2,indie pop
Free Cake For Every Creature,3oqgxdumaZZ5hOt2ykwYTQ,anti-folk
Free Cake For Every Creature,3oqgxdumaZZ5hOt2ykwYTQ,bubblegrunge
Free Cake For Every Creature,3oqgxdumaZZ5hOt2ykwYTQ,indie pop
Free Cake For Every Creature,3oqgxdumaZZ5hOt2ykwYTQ,indie punk
Free Cake For Every Creature,3oqgxdumaZZ5hOt2ykwYTQ,indie rock
Free Cake For Every Creature,3oqgxdumaZZ5hOt2ykwYTQ,small room
Free Cake For Every Creature,3oqgxdumaZZ5hOt2ykwYTQ,twee pop
Taylor Bickett,3Fxg10eJ6YmvUdM2PPB4Zk,alt z
Frankie Cosmos,0x4xCoWaOFd3WsKarzaxnW,bedroom pop
Frankie Cosmos,0x4xCoWaOFd3WsKarzaxnW,bubblegrunge
Frankie Cosmos,0x4xCoWaOFd3WsKarzaxnW,indie pop
Frankie Cosmos,0x4xCoWaOFd3WsKarzaxnW,indie rock
Mallrat,4OSArit7O2Jaj4mgf3YN7A,aussietronica
Mallrat,4OSArit7O2Jaj4mgf3YN7A,australian hip hop
Mallrat,4OSArit7O2Jaj4mgf3YN7A,australian pop
Mallrat,4OSArit7O2Jaj4mgf3YN7A,brisbane indie
Mallrat,4OSArit7O2Jaj4mgf3YN7A,indie pop
Skullcrusher,1GUaQ6GpaxFPKZ0SCSsnwD,art pop
Skullcrusher,1GUaQ6GpaxFPKZ0SCSsnwD,bubblegrunge
Skullcrusher,1GUaQ6GpaxFPKZ0SCSsnwD,indie folk
Skullcrusher,1GUaQ6GpaxFPKZ0SCSsnwD,indie pop
Skullcrusher,1GUaQ6GpaxFPKZ0SCSsnwD,indie rock
Skullcrusher,1GUaQ6GpaxFPKZ0SCSsnwD,small room
Erin Rae,167VlZ0C0ewQbgKexRFcs6,alternative country
Erin Rae,167VlZ0C0ewQbgKexRFcs6,indie folk
Erin Rae,167VlZ0C0ewQbgKexRFcs6,nashville americana
Erin Rae,167VlZ0C0ewQbgKexRFcs6,new americana
Matilda Mann,76oY04bOzECod3aGVTDtzu,british singer-songwriter
Matilda Mann,76oY04bOzECod3aGVTDtzu,indie pop
Greta Isaac,7BsLsPnH5swTyhGZq2qNbN,uk pop
Hey Cowboy!,1m2tY2Q32cp51czUo7SxyZ,austindie
Andrea von Kampen,6ps9u0MZquDDBReh8XuBeY,indie folk
Andrea von Kampen,6ps9u0MZquDDBReh8XuBeY,indiecoustica
Andrea von Kampen,6ps9u0MZquDDBReh8XuBeY,new americana
Andrea von Kampen,6ps9u0MZquDDBReh8XuBeY,pop folk
Tkay Maidza,1kMPdZQVdUhMDKDWOJM5iK,alternative r&b
Tkay Maidza,1kMPdZQVdUhMDKDWOJM5iK,australian hip hop
Tkay Maidza,1kMPdZQVdUhMDKDWOJM5iK,escape room
Tessa Violet,5DD5GZd4ElmQTy9NleMvKJ,alt z
Tessa Violet,5DD5GZd4ElmQTy9NleMvKJ,indie pop
Tessa Violet,5DD5GZd4ElmQTy9NleMvKJ,social media pop
Remi Wolf,0NB5HROxc8dDBXpkIi1v3d,indie pop
Remi Wolf,0NB5HROxc8dDBXpkIi1v3d,indie r&b
Remi Wolf,0NB5HROxc8dDBXpkIi1v3d,modern alternative pop
Remi Wolf,0NB5HROxc8dDBXpkIi1v3d,pop
Kilo Kish,7lsnwlX6puQ7lcpSEpJbZE,alternative r&b
Kilo Kish,7lsnwlX6puQ7lcpSEpJbZE,art pop
Kilo Kish,7lsnwlX6puQ7lcpSEpJbZE,electropop
Kilo Kish,7lsnwlX6puQ7lcpSEpJbZE,escape room
Kilo Kish,7lsnwlX6puQ7lcpSEpJbZE,pop
Gatlin,1KGcdM5KxCVydaHe29QAj9,indie pop
Gatlin,1KGcdM5KxCVydaHe29QAj9,modern alternative pop
Ira Wolf,5jq01ts8cBQWwVZOpMax6s,indiecoustica
Ira Wolf,5jq01ts8cBQWwVZOpMax6s,new americana
Maude Latour,3MNLhvqJkWsO6tcjY9ps62,alt z
Maude Latour,3MNLhvqJkWsO6tcjY9ps62,indie pop
Maude Latour,3MNLhvqJkWsO6tcjY9ps62,indie poptimism
Maude Latour,3MNLhvqJkWsO6tcjY9ps62,nyc pop
Fazerdaze,2awB7Ol181cocZcLLNBBAh,dreamo
Fazerdaze,2awB7Ol181cocZcLLNBBAh,nz indie
Angie McMahon,574ERIqzZ5yZU9JhIf3Ysf,australian indie
Angie McMahon,574ERIqzZ5yZU9JhIf3Ysf,australian pop
Salami Rose Joe Louis,6EHS9kZ9PpeXaJ4wZO3FSX,alternative r&b
Salami Rose Joe Louis,6EHS9kZ9PpeXaJ4wZO3FSX,bedroom pop
Salami Rose Joe Louis,6EHS9kZ9PpeXaJ4wZO3FSX,indie r&b
Salami Rose Joe Louis,6EHS9kZ9PpeXaJ4wZO3FSX,indie soul
Tirzah,6f5lOlSFJw9K79gaNnmWAd,alternative r&b
Tirzah,6f5lOlSFJw9K79gaNnmWAd,art pop
Tirzah,6f5lOlSFJw9K79gaNnmWAd,electra
Tirzah,6f5lOlSFJw9K79gaNnmWAd,electronica
Tirzah,6f5lOlSFJw9K79gaNnmWAd,escape room
Tirzah,6f5lOlSFJw9K79gaNnmWAd,experimental pop
Tirzah,6f5lOlSFJw9K79gaNnmWAd,indie soul
Tirzah,6f5lOlSFJw9K79gaNnmWAd,spectra
Tirzah,6f5lOlSFJw9K79gaNnmWAd,uk contemporary r&b
Lizzy McAlpine,1GmsPCcpKgF9OhlNXjOsbS,boston folk
Lizzy McAlpine,1GmsPCcpKgF9OhlNXjOsbS,indie pop
Lizzy McAlpine,1GmsPCcpKgF9OhlNXjOsbS,pop
Gia Margaret,7fnMav7xXJwwjbyWbSjF4C,art pop
Gia Margaret,7fnMav7xXJwwjbyWbSjF4C,indie folk
Gia Margaret,7fnMav7xXJwwjbyWbSjF4C,small room
Sidney Gish,2orBKFyc84jo9AZH5jarhI,anti-folk
Sidney Gish,2orBKFyc84jo9AZH5jarhI,bedroom pop
Sidney Gish,2orBKFyc84jo9AZH5jarhI,boston indie
Sidney Gish,2orBKFyc84jo9AZH5jarhI,bubblegrunge
Sidney Gish,2orBKFyc84jo9AZH5jarhI,indie pop
Sidney Gish,2orBKFyc84jo9AZH5jarhI,indie rock
Sidney Gish,2orBKFyc84jo9AZH5jarhI,new jersey indie
awfultune,1vkWdqcabQ1swciXipkLBj,indie pop
The Japanese House,3IunaFjvNKj98JW89JYv9u,electropop
The Japanese House,3IunaFjvNKj98JW89JYv9u,indie pop
The Japanese House,3IunaFjvNKj98JW89JYv9u,indie poptimism
The Japanese House,3IunaFjvNKj98JW89JYv9u,indietronica
The Japanese House,3IunaFjvNKj98JW89JYv9u,modern dream pop
The Japanese House,3IunaFjvNKj98JW89JYv9u,pop
The Japanese House,3IunaFjvNKj98JW89JYv9u,vapor soul
ella jane,3gBjSrNsYzzbeo0nwsL21J,alt z
ella jane,3gBjSrNsYzzbeo0nwsL21J,gen z singer-songwriter
ella jane,3gBjSrNsYzzbeo0nwsL21J,indie pop
ella jane,3gBjSrNsYzzbeo0nwsL21J,modern indie pop
Ravyn Lenae,5RTLRtXjbXI2lSXc6jxlAz,alternative r&b
Ravyn Lenae,5RTLRtXjbXI2lSXc6jxlAz,chill r&b
Ravyn Lenae,5RTLRtXjbXI2lSXc6jxlAz,escape room
Ravyn Lenae,5RTLRtXjbXI2lSXc6jxlAz,indie r&b
Ravyn Lenae,5RTLRtXjbXI2lSXc6jxlAz,indie soul
Ravyn Lenae,5RTLRtXjbXI2lSXc6jxlAz,neo soul
Ravyn Lenae,5RTLRtXjbXI2lSXc6jxlAz,r&b
Ravyn Lenae,5RTLRtXjbXI2lSXc6jxlAz,viral rap
Stella Donnelly,2mHjhKyKCLh6MZELuCe1Es,australian singer-songwriter
Stella Donnelly,2mHjhKyKCLh6MZELuCe1Es,indie pop
Stella Donnelly,2mHjhKyKCLh6MZELuCe1Es,perth indie
Abby Sage,4aej3kKLxSLM0WauTSfZ7k,indie pop
Pip Millett,1QfEfvB62EEl4upf2ANKkR,alternative r&b
Pip Millett,1QfEfvB62EEl4upf2ANKkR,chill r&b
Pip Millett,1QfEfvB62EEl4upf2ANKkR,indie r&b
Pip Millett,1QfEfvB62EEl4upf2ANKkR,indie soul
Pip Millett,1QfEfvB62EEl4upf2ANKkR,uk contemporary r&b
Raveena,2kQnsbKnIiMahOetwlfcaS,alternative r&b
Raveena,2kQnsbKnIiMahOetwlfcaS,chill r&b
Raveena,2kQnsbKnIiMahOetwlfcaS,high vibe
Raveena,2kQnsbKnIiMahOetwlfcaS,indie r&b
Raveena,2kQnsbKnIiMahOetwlfcaS,indie soul
Blondshell,7qrEXiLLnWkkYHhadZ1Oij,indie pop
Bedouine,6IiZemRMna678qNhiRkYI5,chamber folk
Bedouine,6IiZemRMna678qNhiRkYI5,chamber pop
Bedouine,6IiZemRMna678qNhiRkYI5,indie folk
Bedouine,6IiZemRMna678qNhiRkYI5,indie pop
Kita Alexander,3CGuwWgoCYSO5Z72H5G2Ec,aussietronica
Kita Alexander,3CGuwWgoCYSO5Z72H5G2Ec,australian indie
Kita Alexander,3CGuwWgoCYSO5Z72H5G2Ec,australian pop
Julia Jacklin,12fRkVfO2fUsz1QHgDAG3g,art pop
Julia Jacklin,12fRkVfO2fUsz1QHgDAG3g,indie folk
Julia Jacklin,12fRkVfO2fUsz1QHgDAG3g,indie pop
Julia Jacklin,12fRkVfO2fUsz1QHgDAG3g,indie rock
Julia Jacklin,12fRkVfO2fUsz1QHgDAG3g,sydney indie
Tomberlin,0jzaoSt5gOC04OWBqN78VS,art pop
Tomberlin,0jzaoSt5gOC04OWBqN78VS,bubblegrunge
Tomberlin,0jzaoSt5gOC04OWBqN78VS,indie folk
Tomberlin,0jzaoSt5gOC04OWBqN78VS,indie pop
Tomberlin,0jzaoSt5gOC04OWBqN78VS,louisville indie
Tomberlin,0jzaoSt5gOC04OWBqN78VS,small room
Boyish,6VgPyGeGO86DztjK7GCYT3,indie pop
FLETCHER,5qa31A9HySw3T7MKWI9bGg,alt z
FLETCHER,5qa31A9HySw3T7MKWI9bGg,dance pop
FLETCHER,5qa31A9HySw3T7MKWI9bGg,electropop
FLETCHER,5qa31A9HySw3T7MKWI9bGg,pop
FLETCHER,5qa31A9HySw3T7MKWI9bGg,post-teen pop
Sophie Holohan,4kpaI92KQcPABQj9qxIopw,indie pop
SASAMI,4pdoRs7yHNXakMobf8M9Oz,art pop
U.S. Girls,3AHFDfqhSqPBecjQDIOIJA,alternative dance
U.S. Girls,3AHFDfqhSqPBecjQDIOIJA,art pop
U.S. Girls,3AHFDfqhSqPBecjQDIOIJA,chamber psych
U.S. Girls,3AHFDfqhSqPBecjQDIOIJA,experimental pop
U.S. Girls,3AHFDfqhSqPBecjQDIOIJA,indie rock
U.S. Girls,3AHFDfqhSqPBecjQDIOIJA,new rave
girlhouse,7AWyYXZ5tIc0xNSfKLD3QX,indie pop
Rosie Darling,6kDXH8d9LugUAsHIozzDAI,alt z
Rosie Darling,6kDXH8d9LugUAsHIozzDAI,pop
Cavetown,2hR4h1Cao2ueuI7Cx9c7V8,bedroom pop
Cavetown,2hR4h1Cao2ueuI7Cx9c7V8,indie pop
Lauren Weintraub,0eYsDVXAe2mc4F8QrBLHAq,alt z
Lauren Weintraub,0eYsDVXAe2mc4F8QrBLHAq,gen z singer-songwriter
Madison McFerrin,02zPEtdzUWnPToEVLRiQ7e,a cappella
Madison McFerrin,02zPEtdzUWnPToEVLRiQ7e,alternative r&b
Madison McFerrin,02zPEtdzUWnPToEVLRiQ7e,indie jazz
Madison McFerrin,02zPEtdzUWnPToEVLRiQ7e,indie r&b
Madison McFerrin,02zPEtdzUWnPToEVLRiQ7e,indie soul
Soccer Mommy,4wXchxfTTggLtzkoUhO86Q,art pop
Soccer Mommy,4wXchxfTTggLtzkoUhO86Q,bubblegrunge
Soccer Mommy,4wXchxfTTggLtzkoUhO86Q,indie pop
Soccer Mommy,4wXchxfTTggLtzkoUhO86Q,indie rock
Soccer Mommy,4wXchxfTTggLtzkoUhO86Q,small room
Charlotte Day Wilson,3GQboECxDT1xqPPWC30p7v,alternative r&b
Charlotte Day Wilson,3GQboECxDT1xqPPWC30p7v,canadian contemporary r&b
Charlotte Day Wilson,3GQboECxDT1xqPPWC30p7v,indie r&b
Charlotte Day Wilson,3GQboECxDT1xqPPWC30p7v,indie soul
Hope Tala,74CcYmmNeHKe5PrZaISk8e,alternative r&b
Hope Tala,74CcYmmNeHKe5PrZaISk8e,chill r&b
Hope Tala,74CcYmmNeHKe5PrZaISk8e,indie r&b
Hope Tala,74CcYmmNeHKe5PrZaISk8e,indie soul
Zolita,7nnTzZ5tZrPx14iDnmjksU,alt z
Zolita,7nnTzZ5tZrPx14iDnmjksU,electropop
Zolita,7nnTzZ5tZrPx14iDnmjksU,indie pop
Zolita,7nnTzZ5tZrPx14iDnmjksU,indie poptimism
Zolita,7nnTzZ5tZrPx14iDnmjksU,pop
Zolita,7nnTzZ5tZrPx14iDnmjksU,post-teen pop
Zolita,7nnTzZ5tZrPx14iDnmjksU,social media pop
Angel Olsen,6mKqFxGMS5TGDZI3XkT5Rt,alternative americana
Angel Olsen,6mKqFxGMS5TGDZI3XkT5Rt,art pop
Angel Olsen,6mKqFxGMS5TGDZI3XkT5Rt,dream pop
Angel Olsen,6mKqFxGMS5TGDZI3XkT5Rt,indie folk
Angel Olsen,6mKqFxGMS5TGDZI3XkT5Rt,indie pop
Angel Olsen,6mKqFxGMS5TGDZI3XkT5Rt,indie rock
Alexa Cappelli,3L733apFuBmRr4GEVvhh9x,alt z
Alexa Cappelli,3L733apFuBmRr4GEVvhh9x,social media pop
VÉRITÉ,1Fr6agZ6iSM5Ynn2k4C8sc,alt z
VÉRITÉ,1Fr6agZ6iSM5Ynn2k4C8sc,brooklyn indie
VÉRITÉ,1Fr6agZ6iSM5Ynn2k4C8sc,dark pop
VÉRITÉ,1Fr6agZ6iSM5Ynn2k4C8sc,electropop
VÉRITÉ,1Fr6agZ6iSM5Ynn2k4C8sc,indie electropop
VÉRITÉ,1Fr6agZ6iSM5Ynn2k4C8sc,indie pop
VÉRITÉ,1Fr6agZ6iSM5Ynn2k4C8sc,indie poptimism
VÉRITÉ,1Fr6agZ6iSM5Ynn2k4C8sc,metropopolis
VÉRITÉ,1Fr6agZ6iSM5Ynn2k4C8sc,nyc pop
VÉRITÉ,1Fr6agZ6iSM5Ynn2k4C8sc,pop
VÉRITÉ,1Fr6agZ6iSM5Ynn2k4C8sc,vapor pop
VÉRITÉ,1Fr6agZ6iSM5Ynn2k4C8sc,vapor soul
Haley Joelle,4pZOG8ump4odtJJA4Cy7S8,alt z
Haley Joelle,4pZOG8ump4odtJJA4Cy7S8,gen z singer-songwriter
Haley Joelle,4pZOG8ump4odtJJA4Cy7S8,pop
Baby Queen,4VqlewwKZJoIcA88PYHUDd,indie pop
Baby Queen,4VqlewwKZJoIcA88PYHUDd,modern alternative pop
boygenius,1hLiboQ98IQWhpKeP9vRFw,indie pop
boygenius,1hLiboQ98IQWhpKeP9vRFw,indie rock
boygenius,1hLiboQ98IQWhpKeP9vRFw,pop
Hatchie,3d7MqowTZa2bC5iy1JXLLt,art pop
Hatchie,3d7MqowTZa2bC5iy1JXLLt,brisbane indie
Hatchie,3d7MqowTZa2bC5iy1JXLLt,indie pop
Suki Waterhouse,5GGJosGMs08YEmKTZJe1fL,indie pop
Suki Waterhouse,5GGJosGMs08YEmKTZJe1fL,pop
Yazmin Lacey,2datC2OML2YxykP6vnDRmg,alternative r&b
Yazmin Lacey,2datC2OML2YxykP6vnDRmg,indie jazz
Yazmin Lacey,2datC2OML2YxykP6vnDRmg,indie r&b
Yazmin Lacey,2datC2OML2YxykP6vnDRmg,indie soul
Yazmin Lacey,2datC2OML2YxykP6vnDRmg,jazz pop
Yazmin Lacey,2datC2OML2YxykP6vnDRmg,neo soul
Yazmin Lacey,2datC2OML2YxykP6vnDRmg,soul
Yazmin Lacey,2datC2OML2YxykP6vnDRmg,uk contemporary jazz
Rico Nasty,2OaHYHb2XcFPvqL3VsyPzU,alternative r&b
Rico Nasty,2OaHYHb2XcFPvqL3VsyPzU,dance pop
Rico Nasty,2OaHYHb2XcFPvqL3VsyPzU,dmv rap
Rico Nasty,2OaHYHb2XcFPvqL3VsyPzU,escape room
Rico Nasty,2OaHYHb2XcFPvqL3VsyPzU,pop
Rico Nasty,2OaHYHb2XcFPvqL3VsyPzU,rap
Rico Nasty,2OaHYHb2XcFPvqL3VsyPzU,trap queen
girlpuppy,2dV0D4uKMB4c8VhYHzt360,indie pop
Jess Williamson,784kOgkd1H6jU4KgPMYHi9,alternative americana
Jess Williamson,784kOgkd1H6jU4KgPMYHi9,indie folk
Katy Kirby,3ZH4IYVc5qVlKyJoZhGpwy,bubblegrunge
Katy Kirby,3ZH4IYVc5qVlKyJoZhGpwy,indie folk
Katy Kirby,3ZH4IYVc5qVlKyJoZhGpwy,indie pop
Allie Crow Buckley,4zWJqtFs82kB6LSMY20ggp,western americana
Wallice,6d6ts87Fxm1EdULf4CaLw4,indie pop
Joy Crookes,5XMyhVhi5ZN2pi0Qwi1zXS,alternative r&b
Joy Crookes,5XMyhVhi5ZN2pi0Qwi1zXS,indie r&b
Joy Crookes,5XMyhVhi5ZN2pi0Qwi1zXS,indie soul
Joy Crookes,5XMyhVhi5ZN2pi0Qwi1zXS,uk contemporary r&b
Jay Som,1wmiQ6ytATiGnJs6uFluKO,art pop
Jay Som,1wmiQ6ytATiGnJs6uFluKO,bay area indie
Jay Som,1wmiQ6ytATiGnJs6uFluKO,bubblegrunge
Jay Som,1wmiQ6ytATiGnJs6uFluKO,chillwave
Jay Som,1wmiQ6ytATiGnJs6uFluKO,indie pop
Jay Som,1wmiQ6ytATiGnJs6uFluKO,indie rock
Jay Som,1wmiQ6ytATiGnJs6uFluKO,oakland indie
Jay Som,1wmiQ6ytATiGnJs6uFluKO,small room
mxmtoon,0HthCchcL0kVLHTr113Vk1,bedroom pop
mxmtoon,0HthCchcL0kVLHTr113Vk1,indie pop
Oh Pep!,3L9rqEIsNSaOcx2QIstn7v,australian americana
Empress Of,5QuBVnBPEzwYvFrgBbwpmU,alternative r&b
Empress Of,5QuBVnBPEzwYvFrgBbwpmU,art pop
Empress Of,5QuBVnBPEzwYvFrgBbwpmU,electropop
Empress Of,5QuBVnBPEzwYvFrgBbwpmU,escape room
Empress Of,5QuBVnBPEzwYvFrgBbwpmU,etherpop
Empress Of,5QuBVnBPEzwYvFrgBbwpmU,pop
Empress Of,5QuBVnBPEzwYvFrgBbwpmU,shiver pop
Hurray For The Riff Raff,2xLEV2jDreAOcpJXFNoXyt,alternative country
Hurray For The Riff Raff,2xLEV2jDreAOcpJXFNoXyt,folk
Hurray For The Riff Raff,2xLEV2jDreAOcpJXFNoXyt,indie pop
Hurray For The Riff Raff,2xLEV2jDreAOcpJXFNoXyt,new americana
Hurray For The Riff Raff,2xLEV2jDreAOcpJXFNoXyt,new orleans americana
Hurray For The Riff Raff,2xLEV2jDreAOcpJXFNoXyt,queer country
Hurray For The Riff Raff,2xLEV2jDreAOcpJXFNoXyt,stomp and holler
Caroline Rose,06W84OT2eFUNVwG85UsxJw,art pop
Caroline Rose,06W84OT2eFUNVwG85UsxJw,indie pop
Caroline Rose,06W84OT2eFUNVwG85UsxJw,indie rock
Caroline Rose,06W84OT2eFUNVwG85UsxJw,indie surf
Caroline Rose,06W84OT2eFUNVwG85UsxJw,vermont indie
Lydia Luce,5e1SaJPn6U7YpOrNTkW1jH,indie folk
Lydia Luce,5e1SaJPn6U7YpOrNTkW1jH,new americana
Julien Baker,12zbUHbPHL5DGuJtiUfsip,ambient folk
Julien Baker,12zbUHbPHL5DGuJtiUfsip,indie pop
Julien Baker,12zbUHbPHL5DGuJtiUfsip,indie rock
Orla Gartland,3ajf12ub55b51qcS94d9Co,indie pop
Orla Gartland,3ajf12ub55b51qcS94d9Co,irish pop
Blu DeTiger,5NyCIBCeU080ynEj33S4hC,indie pop
Jana Horn,1LrML89CKJhZjgji63Bvx1,indie folk
Jade Bird,7D8LuVnlyu91ndcPe70j7S,folk-pop
Jade Bird,7D8LuVnlyu91ndcPe70j7S,indie pop
Jade Bird,7D8LuVnlyu91ndcPe70j7S,uk americana
Cornelia Murr,1FdUgjmEeGCpmAxXatjiEG,alternative americana
Betty Who,0t3QQl52F463sxGXb1ckhB,australian dance
Betty Who,0t3QQl52F463sxGXb1ckhB,dance pop
Betty Who,0t3QQl52F463sxGXb1ckhB,electropop
Betty Who,0t3QQl52F463sxGXb1ckhB,indie poptimism
Betty Who,0t3QQl52F463sxGXb1ckhB,metropopolis
Betty Who,0t3QQl52F463sxGXb1ckhB,pop
Adrianne Lenker,4aKWmkWAKviFlyvHYPTNQY,art pop
Adrianne Lenker,4aKWmkWAKviFlyvHYPTNQY,indie folk
Adrianne Lenker,4aKWmkWAKviFlyvHYPTNQY,indie pop
Adrianne Lenker,4aKWmkWAKviFlyvHYPTNQY,indie rock
Adrianne Lenker,4aKWmkWAKviFlyvHYPTNQY,small room
Faye Webster,5szilpXHcwOqnyKLqGco5j,atlanta indie
Faye Webster,5szilpXHcwOqnyKLqGco5j,indie pop
Mia Joy,5a3lFI5IJGQbpMTdjrehHl,experimental indie
Sharon Van Etten,2wJ4vsxWd7df7dRU4KcoDe,art pop
Sharon Van Etten,2wJ4vsxWd7df7dRU4KcoDe,chamber pop
Sharon Van Etten,2wJ4vsxWd7df7dRU4KcoDe,chamber psych
Sharon Van Etten,2wJ4vsxWd7df7dRU4KcoDe,dream pop
Sharon Van Etten,2wJ4vsxWd7df7dRU4KcoDe,indie folk
Sharon Van Etten,2wJ4vsxWd7df7dRU4KcoDe,indie pop
Sharon Van Etten,2wJ4vsxWd7df7dRU4KcoDe,indie rock
Sharon Van Etten,2wJ4vsxWd7df7dRU4KcoDe,melancholia
Sharon Van Etten,2wJ4vsxWd7df7dRU4KcoDe,new jersey indie
Becca Mancari,5n9jfCRA7AFY1JfYc5ZYK5,nashville indie
Becca Mancari,5n9jfCRA7AFY1JfYc5ZYK5,nashville singer-songwriter
Tierra Whack,4lPl9gqgox3JDiaJ1yklKh,alternative r&b
Tierra Whack,4lPl9gqgox3JDiaJ1yklKh,escape room
Tierra Whack,4lPl9gqgox3JDiaJ1yklKh,indie soul
Tierra Whack,4lPl9gqgox3JDiaJ1yklKh,rap
Tierra Whack,4lPl9gqgox3JDiaJ1yklKh,viral rap
girl in red,3uwAm6vQy7kWPS2bciKWx9,bedroom pop
girl in red,3uwAm6vQy7kWPS2bciKWx9,indie pop
girl in red,3uwAm6vQy7kWPS2bciKWx9,norwegian indie
girl in red,3uwAm6vQy7kWPS2bciKWx9,pop
spill tab,3qqkHeEhezlIaNj1vFYH2r,indie pop
spill tab,3qqkHeEhezlIaNj1vFYH2r,indie r&b
spill tab,3qqkHeEhezlIaNj1vFYH2r,modern indie pop
Leith Ross,4nxKz1dRYXnsGzN1lUURtG,indie pop
Lauren Aquilina,22qLnGc8B1btqty6d0Qnlm,neo-singer-songwriter
Lauren Aquilina,22qLnGc8B1btqty6d0Qnlm,viral pop
Shannon Lay,1Kssd2mp7BMKGZUUKncUt6,indie folk
Shannon Lay,1Kssd2mp7BMKGZUUKncUt6,pop folk
Lucy Dacus,07D1Bjaof0NFlU32KXiqUP,art pop
Lucy Dacus,07D1Bjaof0NFlU32KXiqUP,indie pop
Lucy Dacus,07D1Bjaof0NFlU32KXiqUP,indie rock
Rosie Darling,6kDXH8d9LugUAsHIozzDAI,alt z
Rosie Darling,6kDXH8d9LugUAsHIozzDAI,pop
Tenci,5ptfrHC6idq4KnsXBk5tup,indie folk
The Staves,5G49Sq5mMzAkGL4ZP6eVPY,indie folk
The Staves,5G49Sq5mMzAkGL4ZP6eVPY,indie pop
The Staves,5G49Sq5mMzAkGL4ZP6eVPY,new americana
The Staves,5G49Sq5mMzAkGL4ZP6eVPY,stomp and holler
The Staves,5G49Sq5mMzAkGL4ZP6eVPY,uk americana
Annie DiRusso,58jk0945bnQBG9xfij6hHw,indie pop
Annie DiRusso,58jk0945bnQBG9xfij6hHw,nashville singer-songwriter
Mereba,294lNTPZfdqyzt8qnxmFiL,alternative r&b
Mereba,294lNTPZfdqyzt8qnxmFiL,chill r&b
Mereba,294lNTPZfdqyzt8qnxmFiL,escape room
Mereba,294lNTPZfdqyzt8qnxmFiL,high vibe
Mereba,294lNTPZfdqyzt8qnxmFiL,indie r&b
Mereba,294lNTPZfdqyzt8qnxmFiL,indie soul
Mereba,294lNTPZfdqyzt8qnxmFiL,neo soul
Mereba,294lNTPZfdqyzt8qnxmFiL,viral rap
Laura Stevenson,1lVadNivMiSkc2N6irhWdg,bubblegrunge
Laura Stevenson,1lVadNivMiSkc2N6irhWdg,folk punk
Laura Stevenson,1lVadNivMiSkc2N6irhWdg,indie pop
Laura Stevenson,1lVadNivMiSkc2N6irhWdg,indie punk
Laura Stevenson,1lVadNivMiSkc2N6irhWdg,small room
Mitski,2uYWxilOVlUdk4oV9DvwqK,brooklyn indie
Mitski,2uYWxilOVlUdk4oV9DvwqK,indie pop
Miya Folick,1jFVu6Z7wmwywivOeBTSIV,art pop
Miya Folick,1jFVu6Z7wmwywivOeBTSIV,bubblegrunge
Miya Folick,1jFVu6Z7wmwywivOeBTSIV,indie pop
Miya Folick,1jFVu6Z7wmwywivOeBTSIV,la indie
Ashley Kutcher,1Zi1c8sWZTy5rDiN3lAuEj,alt z
Ashley Kutcher,1Zi1c8sWZTy5rDiN3lAuEj,gen z singer-songwriter
Ashley Kutcher,1Zi1c8sWZTy5rDiN3lAuEj,pop
Jack River,4xrDCETyApzUQ6xzcc6QtS,australian indie
Jack River,4xrDCETyApzUQ6xzcc6QtS,australian pop
BENEE,0Cp8WN4V8Tu4QJQwCN5Md4,alt z
BENEE,0Cp8WN4V8Tu4QJQwCN5Md4,nz pop
BENEE,0Cp8WN4V8Tu4QJQwCN5Md4,pop
Alex the Astronaut,42NjRVKqEGe2DkGvlUd5qM,australian indie
Alex the Astronaut,42NjRVKqEGe2DkGvlUd5qM,australian pop
Dora Jar,4V30Q8ACPdJCcAmAYibfrH,indie pop
chloe moriondo,3P4vW5tzQvmuoNaFQqzy9q,alt z
chloe moriondo,3P4vW5tzQvmuoNaFQqzy9q,bedroom pop
chloe moriondo,3P4vW5tzQvmuoNaFQqzy9q,indie pop
Vera Blue,5ujrA1eZLDHR7yQ6FZa2qA,australian indie
Vera Blue,5ujrA1eZLDHR7yQ6FZa2qA,australian pop
Okay Kaya,7d64ZVOXg02y73HB5UMqkb,alternative r&b
Okay Kaya,7d64ZVOXg02y73HB5UMqkb,art pop
Okay Kaya,7d64ZVOXg02y73HB5UMqkb,escape room
Okay Kaya,7d64ZVOXg02y73HB5UMqkb,indie pop
